DRUGS_ID,DRUGS_NAME
3677,"ВОЛЬТАРЕН® РАПИД, Novartis Pharma (Швейцария), табл. п/сах. оболочкой 25 мг блистер, #30"
3680,"ВОЛЬТАРЕН® РАПИД, Novartis Pharma (Швейцария), табл. п/сах. оболочкой 50 мг блистер, #20"
4043,"ТРОКСЕВАЗИН, Teva (Израиль), гель 2 % туба 40 г"
4954,"ИБУПРОФЕН, Борщаговский ХФЗ ПАО (Украина, Киев), табл. п/плен. оболочкой 200 мг, #50"
5050,"НАКЛОФЕН, KRKA d.d. Novo Mesto  (Словения), р-р д/ин. 75 мг амп. 3 мл, #5"
5080,"ОРТОФЕН-ЗДОРОВЬЕ, Здоровье Группа компаний ООО (Украина, Харьков), табл. п/о кишечно-раств. 25 мг блистер, #30"
5216,"ГЕПАТРОМБИН, Stada  (Германия), крем 30000 МЕ/100 г туба 40 г, #1"
5949,"ВОЛЬТАРЕН®, Novartis Pharma (Швейцария), р-р д/ин. 75 мг амп. 3 мл, #5"
6328,"ВОЛЬТАРЕН®, Novartis Pharma (Швейцария), табл. гастрорезист. 50 мг блистер, #20"
6389,"ГЕПАТРОМБИН, Stada  (Германия), гель 30000 МЕ/100 г туба 40 г, #1"
6511,"ВИРОЛЕКС, KRKA d.d. Novo Mesto  (Словения), пор. д/п р-ра д/инф. 250 мг фл., #5"
6572,"ДОЛГИТ® КРЕМ, Naturwaren (Германия), крем туба 50 г, #1"
6573,"ДОЛГИТ® КРЕМ, Naturwaren (Германия), крем туба 100 г, #1"
7583,"ЗОВИРАКС, Халеон Украина ООО (Украина, Киев), крем 5 % туба 2 г, #1"
7843,"САЛОФАЛЬК, Alpen Pharma AG   (Швейцария), супп. ректал. 250 мг стрип, #10"
8249,"ОЛФЕН®-50 ЛАКТАБ, Teva (Израиль), табл. кишечно-раств. 50 мг, #20"
8609,"ЛИОТОН® 1000 ГЕЛЬ, Berlin-Chemie  (Германия), гель туба 50 г, #1"
10228,"МЕСАКОЛ, SUN  (Индия), табл. п/о кишечно-раств. 400 мг стрип, #50"
10918,"НАКЛОФЕН ДУО, KRKA d.d. Novo Mesto  (Словения), капс. 75 мг блистер, #20"
12028,"ВОЛЬТАРЕН ЭМУЛЬГЕЛЬ, Халеон Украина ООО (Украина, Киев), эмульгель д/наруж. прим. 1 % туба 50 г, #1"
12399,"САЛОФАЛЬК, Alpen Pharma AG   (Швейцария), сусп. ректал. 4 г клизма 60 мл, #7"
13644,"ВОЛЬТАРЕН®, Novartis Pharma (Швейцария), табл. гастрорезист. 25 мг блистер, #30"
13656,"ИБУПРОФЕН, Sopharma (Болгария), табл. п/о 200 мг блистер в пачке, #50"
17794,"БЕРОДУАЛ®, Boehringer Ingelheim  (Германия), р-р д/инг. фл. с капельницей 20 мл, #1"
21144,"ОЛФЕН™ ГЕЛЬ, Teva (Израиль), гель 1 % туба 50 г"
21184,"ВОЛЬТАРЕН ЭМУЛЬГЕЛЬ, Халеон Украина ООО (Украина, Киев), эмульгель д/наруж. прим. 1 % туба 20 г, #1"
24239,"ЭВИНОПОН, Bros (Греция), р-р д/ин. 25 мг/мл амп. 3 мл, #5"
24282,"ТРОКСЕГЕЛЬ®, Корпорация Артериум  (Украина, Киев), гель 2 % туба 40 г, #1"
25464,"ДИКЛОФЕНАК, Красная звезда ОАО (Украина, Харьков), табл. 0,05 г блистер, в пачке, #30"
25511,"АЛМИРАЛ, Medochemie (Кипр), р-р д/ин. 75 мг амп. 3 мл, #10"
27403,"ДИКЛОФЕНАК-ЗДОРОВЬЕ, Здоровье Группа компаний ООО (Украина, Харьков), гель 1 % туба 50 г, #1"
27414,"ДИКЛОФЕНАК НАТРИЯ, Монфарм ПАО (Украина, Монастырище), супп. ректал. 0,05 г стрип, #10"
28888,"КЛАРИТИН®, Bayer Consumer Health  (Швейцария), табл. 10 мг, #10"
29308,"ВЕНОРУТИНОЛ, Борщаговский ХФЗ ПАО (Украина, Киев), капс. 300 мг блистер, #20"
29400,"ДИКЛОБЕРЛ® 100, Berlin-Chemie  (Германия), супп. 100 мг, #10"
29401,"ДИКЛОБЕРЛ® 50, Berlin-Chemie  (Германия), супп. 50 мг блистер, #10"
29404,"ДИКЛОБЕРЛ® РЕТАРД, Berlin-Chemie  (Германия), капс. тверд. пролонг. дейст. 100 мг, #20"
30976,"ДОЛГИТ® КРЕМ, Naturwaren (Германия), крем туба 20 г, #1"
31673,"НО-Х-ША®, Лекхим ЧАО (Украина, Киев), супп. ректал. 0,04 г блистер, #10"
31880,"ДИКЛОФЕНАК-ДАРНИЦА, Дарница ЧАО (Украина, Киев), р-р д/ин. 25 мг/мл амп. 3 мл, контурн. ячейк. уп., пачка, #5"
31881,"ДИКЛОФЕНАК-ДАРНИЦА, Дарница ЧАО (Украина, Киев), р-р д/ин. 25 мг/мл амп. 3 мл, контурн. ячейк. уп., пачка, #10"
31886,"ТРОКСЕРУТИН, Красная звезда ОАО (Украина, Харьков), гель 20 мг/г туба 35 г, в пачке, #1"
32342,"АЦИКЛОСТАД®, Stada  (Германия), крем 5 % туба 2 г, #1"
32345,"АЦИКЛОВИР 800 СТАДА®, Stada  (Германия), табл. 800 мг блистер, #35"
32346,"АЦИКЛОВИР 400 СТАДА®, Stada  (Германия), табл. 400 мг блистер, #35"
32347,"АЦИКЛОВИР 200 СТАДА®, Stada  (Германия), табл. 200 мг блистер, #25"
32493,"ЛИОТОН® 1000 ГЕЛЬ, Berlin-Chemie  (Германия), гель туба 30 г, #1"
32929,"САЛОФАЛЬК, Alpen Pharma AG   (Швейцария), супп. ректал. 500 мг стрип, #10"
33089,"САЛОФАЛЬК, Alpen Pharma AG   (Швейцария), табл. п/о кишечно-раств. 500 мг блистер, #100"
33583,"КЛАРИТИН®, Bayer Consumer Health  (Швейцария), сироп фл. 60 мл, #1"
33729,"ТОБРЕКС®, Novartis Pharma (Швейцария), кап. глаз. 0,3 % фл.-капельн. 5 мл, #1"
33762,"ГЕПАТРОМБИН, Stada  (Германия), гель 50000 МЕ/100 г туба 40 г, #1"
33763,"ГЕПАТРОМБИН, Stada  (Германия), крем 50000 МЕ/100 г туба 40 г, #1"
36225,"ТРОКСЕРУТИН-ДАРНИЦА, Дарница ЧАО (Украина, Киев), гель 20 мг/г туба 30 г, #1"
36782,"НАТРИЯ ДИКЛОФЕНАК-КВ, Киевский витаминный завод АО (Украина, Киев), капс. тверд. 25 мг блистер, #30"
36994,"ГЕПАРИН-ДАРНИЦА, Дарница ЧАО (Украина, Киев), гель 600 ЕД/г туба 30 г"
37822,"НО-Х-ША®, Лекхим ЧАО (Украина, Киев), табл. 0,04 г блистер, #30"
38166,"БЕРОДУАЛ® Н, Boehringer Ingelheim  (Германия), аэр. дозир. баллончик метал. 10 мл, 200 доз"
38172,"ДИКЛОФЕНАК НАТРИЯ, Лубныфарм АО (Украина, Лубны), р-р д/ин. 2,5 % амп. 3 мл, блистер в пачке, #5"
38173,"ДИКЛОФЕНАК НАТРИЯ, Лубныфарм АО (Украина, Лубны), р-р д/ин. 2,5 % амп. 3 мл, блистер в пачке, #10"
38299,"ЛОРАТАДИН, Фармак АО (Украина, Киев), табл. 0,01 г блистер, #10"
38325,"ЛОРАТАДИН, Фармак АО (Украина, Киев), табл. 0,01 г блистер, #20"
38378,"РАПТЕН РАПИД, Stada  (Германия), табл. п/о 50 мг блистер, #10"
39954,"ГЕПАРИН-БИОЛЕК, Биолек АО (Украина, Харьков), р-р д/ин. 5000 МЕ/мл фл. 5 мл, в пачке, #5"
40041,"ЭРИУС®, Bayer Consumer Health  (Швейцария), табл. п/плен. оболочкой 5 мг блистер, #10"
41397,"ДРОТАВЕРИН, Корпорация Артериум  (Украина, Киев), табл. 40 мг блистер, #10"
41398,"ДРОТАВЕРИН, Корпорация Артериум  (Украина, Киев), табл. 40 мг блистер, #30"
41633,"ИБУПРОМ, Дельта Медикел ООО (Украина, Вишневое), табл. п/о 200 мг блистер, #10"
44381,"ДИКЛОФЕНАК НАТРИЯ, Фармак АО (Украина, Киев), гель 10 мг/г туба 40 г, в пачке, #1"
44761,"ИБУПРОФЕН, Лекхим ЧАО (Украина, Киев), табл. п/о 200 мг блистер, #50"
45751,"ЛОРАТАДИН, Корпорация Артериум  (Украина, Киев), табл. 10 мг блистер, #10"
46354,"ВЕНОРУТИНОЛ, Борщаговский ХФЗ ПАО (Украина, Киев), гель 2 % туба 40 г, #1"
47004,"ДРОТАВЕРИН-ДАРНИЦА, Дарница ЧАО (Украина, Киев), табл. 40 мг контурн. ячейк. уп., #10"
47005,"ДРОТАВЕРИН-ДАРНИЦА, Дарница ЧАО (Украина, Киев), табл. 40 мг контурн. ячейк. уп., #20"
47572,"ГЕВИРАН, Polpharma (Польша), табл. п/плен. оболочкой 200 мг блистер, #30"
47575,"ГЕВИРАН, Polpharma (Польша), табл. п/плен. оболочкой 400 мг блистер, #30"
47577,"ГЕВИРАН, Polpharma (Польша), табл. п/плен. оболочкой 800 мг блистер, #30"
49724,"ЭРИУС®, Bayer Consumer Health  (Швейцария), сироп 0,5 мг/мл фл. 60 мл, #1"
50178,"ДИКЛОФЕНАК-ДАРНИЦА, Дарница ЧАО (Украина, Киев), табл. п/о кишечно-раств. 25 мг контурн. ячейк. уп., #30"
50883,"УНИКЛОФЕН, Unimed Pharma (Словацкая Республика), кап. глаз., р-р 0,1 % контейнер-капельница 5 мл"
50922,"ЛОРАТАДИН-СТОМА, Ananta Medicare  (Индия), табл. 10 мг блистер, #10"
51182,"ГЛУТАРГИН, Здоровье Группа компаний ООО (Украина, Харьков), конц. д/р-ра д/инф. 400 мг/мл амп. 5 мл, в блист. в коробках, #10"
52412,"ГЛУТАРГИН, Здоровье Группа компаний ООО (Украина, Харьков), табл. 0,25 г блистер, #30"
55120,"НАЛГЕЗИН, KRKA d.d. Novo Mesto  (Словения), табл. п/плен. оболочкой 275 мг блистер, в карт. коробке, #10"
55121,"НАЛГЕЗИН ФОРТЕ, KRKA d.d. Novo Mesto  (Словения), табл. п/плен. оболочкой 550 мг, #10"
56043,"ДИКЛОФЕНАК НАТРИЯ, Здоровье Группа компаний ООО (Украина, Харьков), капс. 25 мг блистер, #30"
56161,"ДРОТАВЕРИН-ДАРНИЦА, Дарница ЧАО (Украина, Киев), р-р д/ин. 20 мг/мл амп. 2 мл, контурн. ячейк. уп., пачка, #5"
56430,"ЛОРАТАДИН-ЗДОРОВЬЕ, Здоровье Группа компаний ООО (Украина, Харьков), табл. 10 мг блистер, #10"
59334,"ВОЛЬТАРЕН®, Novartis Pharma (Швейцария), супп. 50 мг стрип, #10"
59335,"ВОЛЬТАРЕН®, Novartis Pharma (Швейцария), супп. 100 мг стрип, #5"
60260,"ЛЕРКАМЕН® 10, Berlin-Chemie  (Германия), табл. п/плен. оболочкой 10 мг, #28"
61954,"ДРОТАВЕРИНА ГИДРОХЛОРИД, Лубныфарм АО (Украина, Лубны), табл. 40 мг блистер, в пачке, #20"
61955,"ДРОТАВЕРИНА ГИДРОХЛОРИД, Лубныфарм АО (Украина, Лубны), табл. 40 мг блистер, в пачке, #30"
62203,"АЦИКЛОВИР-ДАРНИЦА, Дарница ЧАО (Украина, Киев), табл. 200 мг контурн. ячейк. уп., в пачке, #20"
62632,"ОРТОФЕН, Sopharma (Болгария), табл. п/о кишечно-раств. 0,025 г блистер, #30"
63392,"ЛОРИЗАН®, Корпорация Артериум  (Украина, Киев), табл. 10 мг блистер, в пачке, #10"
63472,"АЦИКЛОВИР-ФАРМАК, Фармак АО (Украина, Киев), табл. 200 мг, #20"
63511,"ИБУПРОМ МАКС, Дельта Медикел ООО (Украина, Вишневое), табл. п/о 400 мг блистер, #12"
63512,"ИБУПРОМ МАКС, Дельта Медикел ООО (Украина, Вишневое), табл. п/о 400 мг блистер, #24"
69125,"ЛОРАТАДИН-ДАРНИЦА, Дарница ЧАО (Украина, Киев), табл. 10 мг контурн. ячейк. уп., #10"
69784,"ИБУПРОФЕН-ДАРНИЦА, Дарница ЧАО (Украина, Киев), табл. 200 мг контурн. ячейк. уп., #50"
70279,"ДИКЛОБЕРЛ® N 75, Berlin-Chemie  (Германия), р-р д/ин. 75 мг амп. 3 мл, #5"
71426,"ЛОРАТАДИН, Астрафарм ООО (Украина, Вишневое), табл. 10 мг блистер, #10"
71427,"ЛОРАТАДИН, Астрафарм ООО (Украина, Вишневое), табл. 10 мг блистер, #100"
71428,"ЛОРАТАДИН-ЗДОРОВЬЕ, Здоровье Группа компаний ООО (Украина, Харьков), сироп 5 мг/5 мл фл. 100 мл, с мерной ложкой, #1"
73433,"ГЕРПЕВИР®, Корпорация Артериум  (Украина, Киев), табл. 400 мг блистер, #10"
73434,"ГЕРПЕВИР®, Корпорация Артериум  (Украина, Киев), табл. 200 мг блистер, #20"
73965,"ДИКЛО-Ф, Sentiss Pharma  (Индия), кап. глаз. 0,1 % фл.-капельн. 5 мл, #1"
74041,"ГЕРПЕВИР®, Корпорация Артериум  (Украина, Киев), пор. д/р-ра д/ин. 250 мг фл., в пачке, #10"
74436,"ГЕРПЕВИР®, Корпорация Артериум  (Украина, Киев), мазь 25 мг/г туба 5 г"
74437,"ГЕРПЕВИР®, Корпорация Артериум  (Украина, Киев), мазь 25 мг/г туба 15 г"
75148,"ОЛФЕН®-100 СР ДЕПОКАПС, Teva (Израиль), капс. пролонг. дейст. 100 мг, #20"
77795,"ЗОВИРАКС, GlaxoSmithKline (Великобритания), табл. 200 мг блистер, #25"
78884,"ЗОВИРАКС, GlaxoSmithKline (Великобритания), лиофил. д/р-ра д/инф 250 мг фл., #5"
78935,"ЛЕРКАМЕН® 20, Berlin-Chemie  (Германия), табл. п/плен. оболочкой 20 мг блистер, #28"
78982,"САЛОФАЛЬК, Alpen Pharma AG   (Швейцария), гран. гастрорезист. пролонг. 500 мг пакетик ""Грану-Стикс"", #50"
78985,"САЛОФАЛЬК, Alpen Pharma AG   (Швейцария), гран. гастрорезист. пролонг. 1000 мг пакетик ""Грану-Стикс"", #50"
80121,"ЛОРАТАДИН, Лекхим ЧАО (Украина, Киев), табл. 0,01 г блистер, в пачке, #10"
80122,"ЛОРАТАДИН, Лекхим ЧАО (Украина, Киев), табл. 0,01 г блистер, в пачке, #20"
82447,"ИМЕТ®, Berlin-Chemie  (Германия), табл. п/плен. оболочкой 400 мг, #10"
82448,"ИМЕТ®, Berlin-Chemie  (Германия), табл. п/плен. оболочкой 400 мг, #20"
84674,"НОХШАВЕРИН ""ОЗ"", Здоровье Группа компаний ООО (Украина, Харьков), р-р д/ин. 20 мг/мл амп. 2 мл, в пачке, #5"
84844,"ДИКЛОФЕНАК-ЗДОРОВЬЕ ФОРТЕ, Здоровье Группа компаний ООО (Украина, Харьков), гель 30 мг/г туба 50 г, #1"
85398,"ДИКЛОФЕНАК, Красная звезда ОАО (Украина, Харьков), гель 10 мг/г туба 40 г, в пачке, #1"
86054,"ПЕНТАСА, Ferring International Center  (Швейцария), табл. пролонг. дейст. 500 мг, #50"
87308,"ОРТОФЕН, Лекхим ЧАО (Украина, Киев), табл. п/о кишечно-раств. 25 мг блистер, #30"
87800,"ДРОТАВЕРИН, Красная звезда ОАО (Украина, Харьков), табл. 0,04 г, #10"
87801,"ДРОТАВЕРИН, Красная звезда ОАО (Украина, Харьков), табл. 0,04 г, #20"
89669,"МУКОГЕН, Macleods Pharmaceuticals Ltd (Индия), табл. п/о 100 мг стрип, #30"
92874,"ЛИОГЕЛЬ 1000, Фитофарм ЧАО (Украина, Киев), гель д/наруж. прим. туба 30 г, #1"
92875,"ЛИОГЕЛЬ 1000, Фитофарм ЧАО (Украина, Киев), гель д/наруж. прим. туба 50 г, #1"
92896,"ОЛФЕН®, Teva (Израиль), пластырь лечебный 140 мг/12 часов пакет, #5"
92897,"ОЛФЕН®, Teva (Израиль), пластырь лечебный 140 мг/12 часов пакет, #10"
94307,"L-АРГИНИН, Элит-фарм ООО (Украина, Днепр (Днепропетровск)), капс., #50"
94658,"НУРОФЕН ФОРТЕ, Reckitt Benckiser Healthcare International  (Великобритания), табл. п/о 400 мг, #12"
95127,"НУРОФЕН ДЛЯ ДЕТЕЙ, Reckitt Benckiser Healthcare International  (Великобритания), супп. ректал. 60 мг, #10"
98521,"ДИКЛАК® ЛИПОГЕЛЬ, Sandoz (Швейцария), гель 1 % туба 50 г, #1"
98542,"РАПТЕН 75, Stada  (Германия), р-р д/ин. 75 мг амп. 3 мл, #5"
98543,"РАПТЕН ГЕЛЬ, Stada  (Германия), гель д/наруж. прим. 1 % туба 40 г"
98544,"РАПТЕН РЕТАРД, Stada  (Германия), табл. пролонг. п/плен. обол. 100 мг блистер, #20"
99351,"НУРОФЕН, Reckitt Benckiser Healthcare International  (Великобритания), табл. п/о 200 мг блистер, #6"
99352,"НУРОФЕН, Reckitt Benckiser Healthcare International  (Великобритания), табл. п/о 200 мг блистер, #12"
99353,"НУРОФЕН, Reckitt Benckiser Healthcare International  (Великобритания), табл. п/о 200 мг блистер, #24"
99893,"АЦИКЛОВИР, Лекхим ЧАО (Украина, Киев), табл. 0,2 г блистер, в пачке, #20"
99971,"ИБУПРОМ СПРИНТ КАПС, Дельта Медикел ООО (Украина, Вишневое), капс. мягкие 200 мг блистер, #6"
99972,"ИБУПРОМ СПРИНТ КАПС, Дельта Медикел ООО (Украина, Вишневое), капс. мягкие 200 мг блистер, #10"
99974,"ИБУПРОМ СПРИНТ КАПС, Дельта Медикел ООО (Украина, Вишневое), капс. мягкие 200 мг блистер, #24"
102758,"ЛОРАНО, Sandoz (Швейцария), табл. 10 мг блистер, в карт. коробке, #7"
102759,"ЛОРАНО, Sandoz (Швейцария), табл. 10 мг блистер, в карт. коробке, #20"
102770,"НО-ШПА®, Opella Healthcare International  (Франция), табл. 40 мг фл., #100"
103309,"ДИКЛОФЕНАК, Лекхим ЧАО (Украина, Киев), супп. ректал. 0,1 г, #10"
105693,"ЛОРАТАДИН, Житомирская ФФ ООО (Украина, Станишовка), сироп 1 мг/мл фл. 90 мл, #1"
108534,"АЦИКЛОВИР-АСТРАФАРМ, Астрафарм ООО (Украина, Вишневое), табл. 200 мг блистер, #20"
108638,"ЭДЕМ, Фармак АО (Украина, Киев), сироп 0,5 мг/мл фл.стекл. с крыш.укуп.-навинч. 60 мл, с дозир. ложкой, #1"
108640,"ЭДЕМ, Фармак АО (Украина, Киев), сироп 0,5 мг/мл фл.стекл. с крыш.укуп.-навинч. 100 мл, с дозир. ложкой, #1"
109181,"НУРОФЕН ДЛЯ ДЕТЕЙ, Reckitt Benckiser Healthcare International  (Великобритания), сусп. оральн. 100 мг/5 мл фл. 100 мл, с апельсиновым вкусом"
109182,"НУРОФЕН ДЛЯ ДЕТЕЙ, Reckitt Benckiser Healthcare International  (Великобритания), сусп. оральн. 100 мг/5 мл фл. 100 мл, с клубничным вкусом"
110626,"ЭДЕМ, Фармак АО (Украина, Киев), табл. п/о 5 мг блистер, #10"
110814,"НО-ШПА®, Opella Healthcare International  (Франция), табл. 40 мг контейнер дозирующ., #60"
111288,"ТИВОРТИН®, Юрия-Фарм ООО (Украина, Киев), р-р д/инф. 42 мг/мл бутылка стекл. 100 мл, в пачке, #1"
112612,"ДИКЛОФЕНАК-ЗДОРОВЬЕ УЛЬТРА, Здоровье Группа компаний ООО (Украина, Харьков), гель 50 мг/г туба 50 г, #1"
114335,"ГЛУТАРГИН, Здоровье Группа компаний ООО (Украина, Харьков), табл. 0,75 г блистер, #30"
114638,"ДИКЛАК® ГЕЛЬ, Sandoz (Швейцария), гель 5 % туба 50 г, #1"
115558,"АЛЛЕРГОСТОП®, Фитофарм ЧАО (Украина, Киев), табл. п/плен. оболочкой 5 мг блистер, #10"
115559,"АЛЛЕРГОСТОП®, Фитофарм ЧАО (Украина, Киев), табл. п/плен. оболочкой 5 мг блистер, #20"
121024,"ДИКЛОФЕНАК-ЗДОРОВЬЕ, Здоровье Группа компаний ООО (Украина, Харьков), р-р д/ин. 2,5 % амп. 3 мл, в коробке с перегородками, #5"
121141,"ЗАНИДИП®, Recordati Group  (Италия), табл. п/плен. оболочкой 20 мг блистер, #28"
121148,"ЗАНИДИП®, Recordati Group  (Италия), табл. п/плен. оболочкой 20 мг блистер, #98"
121151,"ЗАНИДИП®, Recordati Group  (Италия), табл. п/плен. оболочкой 10 мг блистер, #28"
121158,"ЗАНИДИП®, Recordati Group  (Италия), табл. п/плен. оболочкой 10 мг блистер, #98"
122431,"НУРОФЕН ЭКСПРЕСС УЛЬТРАКАП, Reckitt Benckiser Healthcare International  (Великобритания), капс. мягкие 200 мг, #10"
123546,"АЦИК®, Sandoz (Швейцария), табл. 200 мг, #25"
123547,"АЦИК®, Sandoz (Швейцария), табл. 400 мг, #35"
124056,"ПЕНТАСА, Ferring International Center  (Швейцария), табл. пролонг. дейст. 500 мг, #50"
124339,"ДОЛГИТ® ГЕЛЬ, Naturwaren (Германия), гель туба 20 г"
124340,"ДОЛГИТ® ГЕЛЬ, Naturwaren (Германия), гель туба 50 г"
124341,"ДОЛГИТ® ГЕЛЬ, Naturwaren (Германия), гель туба 100 г"
125654,"ГЕПАРИН-НОВОФАРМ, Новофарм-Биосинтез Фирма ООО (Украина, Звягель (Новоград-Волынский)), р-р д/ин. 5000 МЕ/мл фл. 5 мл, #5"
126295,"ПЕНТАСА, Ferring International Center  (Швейцария), гран. пролонг. действ. 2 г пакетик, #60"
127241,"ДИКЛАК® ID, Sandoz (Швейцария), табл. с модиф. высвоб. 75 мг блистер, #20"
127242,"ДИКЛАК® ID, Sandoz (Швейцария), табл. с модиф. высвоб. 75 мг блистер, #100"
127243,"ДИКЛАК® ID, Sandoz (Швейцария), табл. с модиф. высвоб. 150 мг блистер, #20"
127244,"ДИКЛАК® ID, Sandoz (Швейцария), табл. с модиф. высвоб. 150 мг блистер, #100"
127356,"ДРОТАВЕРИН, Здоровье Группа компаний ООО (Украина, Харьков), табл. 40 мг блистер, в пачке, #20"
134046,"ГЛУТАРГИН АЛКОКЛИН, Здоровье Группа компаний ООО (Украина, Харьков), пор. д/оральн. р-ра 1 г/3 г пакет 3 г, #2"
134048,"ГЛУТАРГИН АЛКОКЛИН, Здоровье Группа компаний ООО (Украина, Харьков), пор. д/оральн. р-ра 1 г/3 г пакет 3 г, #10"
134052,"ГЛУТАРГИН АЛКОКЛИН, Здоровье Группа компаний ООО (Украина, Харьков), табл. 1 г блистер, #2"
134053,"ГЛУТАРГИН АЛКОКЛИН, Здоровье Группа компаний ООО (Украина, Харьков), табл. 1 г блистер, #10"
134646,"БОФЕН, Борщаговский ХФЗ ПАО (Украина, Киев), сусп. оральн. 100 мг/5 мл банка полимер. 100 мл"
135600,"АЦИК®, Sandoz (Швейцария), крем 5 % туба 2 г, #1"
135615,"ЭПАЙДРА®, Sanofi  (Франция), р-р д/ин. 100 ЕД/мл шприц-ручка СолоСтар® 3 мл, #5"
136696,"ОРТОФЕН-ЗДОРОВЬЕ ФОРТЕ, Здоровье Группа компаний ООО (Украина, Харьков), табл. п/о кишечно-раств. 50 мг блистер, #10"
136698,"ОРТОФЕН-ЗДОРОВЬЕ ФОРТЕ, Здоровье Группа компаний ООО (Украина, Харьков), табл. п/о кишечно-раств. 50 мг блистер, #30"
138337,"ГОФЕН 200, Mega Lifesciences  (Таиланд), капс. мягкие 200 мг блистер, #60"
138340,"ГОФЕН 400, Mega Lifesciences  (Таиланд), капс. мягкие 400 мг блистер, #60"
140706,"ДИКЛАК®, Sandoz (Швейцария), р-р д/ин. 75 мг амп. 3 мл, #5"
141088,"ДИФТАЛЬ®, Фармак АО (Украина, Киев), кап. глаз. 0,1 % фл. 10 мл, #1"
142120,"ГЛУТАРГИН, Здоровье Группа компаний ООО (Украина, Харьков), р-р д/ин. 200 мг/мл амп. 5 мл, в блистере в коробке, #10"
144149,"ДРОТАВЕРИН ФОРТЕ, Здоровье Группа компаний ООО (Украина, Харьков), табл. 80 мг блистер в коробке, #20"
144824,"ТРОКСЕВАЗИН®, Teva (Израиль), капс. 300 мг блистер, #50"
145621,"ДИКЛОФЕНАК, Красная звезда ОАО (Украина, Харьков), гель 50 мг/г туба алюм. 40 г, в пачке, #1"
145653,"НАПРОФФ, Rotapharm  (Великобритания), табл. п/плен. оболочкой 550 мг блистер, #10"
149164,"ЛЕРКАМЕН® 10, Berlin-Chemie  (Германия), табл. п/плен. оболочкой 10 мг, #60"
149166,"ЛИРИКА, Viatris  (США), капс. 75 мг блистер, #14"
149167,"ЛИРИКА, Viatris  (США), капс. 150 мг блистер, #14"
149196,"ДРОТАВЕРИН ФОРТЕ, Здоровье Группа компаний ООО (Украина, Харьков), табл. 80 мг блистер в коробке, #10"
149232,"АЛЕРГОМАКС, Здоровье Группа компаний ООО (Украина, Харьков), табл. п/плен. оболочкой 5 мг блистер, #10"
150806,"БРУФЕН®, Abbott Products GmbH  (Германия), сироп 100 мг/5 мл фл. 100 мл, с мерн. устр. в виде шприца, #1"
155040,"ЛИОТРОМБ 1000-ЗДОРОВЬЕ, Здоровье Группа компаний ООО (Украина, Харьков), гель 1000 МЕ/г туба 25 г, #1"
155042,"ЛИОТРОМБ 1000-ЗДОРОВЬЕ, Здоровье Группа компаний ООО (Украина, Харьков), гель 1000 МЕ/г туба 50 г, #1"
156589,"ЛЕРКАМЕН® 20, Berlin-Chemie  (Германия), табл. п/плен. оболочкой 20 мг блистер, #60"
156975,"ДИКЛАК® ГЕЛЬ, Sandoz (Швейцария), гель 5 % туба 100 г, #1"
160829,"ДИКЛОФЕНАК-ФАРМЕКС, Здоровье Группа компаний ООО (Украина, Харьков), супп. ректал. 100 мг стрип, #10"
161424,"АЛЕРДЕЗ, Борщаговский ХФЗ ПАО (Украина, Киев), сироп 0,5 мг/мл фл. 100 мл, в пачке, #1"
161864,"НО-Х-ША® ФОРТЕ, Лекхим ЧАО (Украина, Киев), табл. 0,08 г контурн. ячейк. уп., #30"
163921,"АЛЕРГОМАКС, Здоровье Группа компаний ООО (Украина, Харьков), сироп 0,5 мг/мл фл. 100 мл, с дозир. шприцем-пипеткой, #1"
165654,"АСАКОЛ®, Biocodex  (Франция), табл. п/о кишечно-раств. 400 мг блистер, коробка картон., #100"
165656,"АСАКОЛ®, Biocodex  (Франция), табл. п/о кишечно-раств. 800 мг блистер, коробка картон., #60"
166220,"ИБУФЕН® ЮНИОР, Polpharma (Польша), капс. мягкие 200 мг блистер, #10"
166679,"ЛОРДЕС®, Nobel  (Турция), сироп 2,5 мг/5 мл фл. 150 мл, #1"
167643,"ЛОРДЕС®, Nobel  (Турция), табл. п/о 5 мг блистер, #20"
170774,"ЭКЗОДЕРИЛ®, Sandoz (Швейцария), р-р накожный 1 % фл. 10 мл, #1"
171103,"АЦИКЛОВИР, Житомирская ФФ ООО (Украина, Станишовка), мазь 2,5 % туба 10 г, в пачке, #1"
174103,"ЭКЗОДЕРИЛ®, Sandoz (Швейцария), крем 1 % туба 15 г, #1"
174154,"ИБУФЕН® ФОРТЕ, Polpharma (Польша), сусп. оральн. 200 мг/5 мл фл. 100 мл, с ароматом клубники, #1"
174217,"АГЕРП, Сперко Украина СП ООО (Украина, Винница), крем 5 % туба 2 г, #1"
174591,"ЛИРИКА, Viatris  (США), капс. 150 мг блистер, #56"
175046,"АЛМИРАЛ, Medochemie (Кипр), р-р д/ин. 75 мг амп. 3 мл, #5"
175763,"БРУФЕН®, Abbott Products GmbH  (Германия), гран. шип. 600 мг саше, #30"
175804,"ЕВРОФАСТ, Euro Lifecare  (Великобритания), капс. мягкие желат. 200 мг блистер в коробке, #20"
175805,"ЕВРОФАСТ, Euro Lifecare  (Великобритания), капс. мягкие желат. 400 мг блистер в коробке, #20"
175989,"НИКСАР, Berlin-Chemie  (Германия), табл. 20 мг блистер, #10"
175990,"НИКСАР, Berlin-Chemie  (Германия), табл. 20 мг блистер, #30"
187678,"ЭДЕМ, Фармак АО (Украина, Киев), табл. п/о 5 мг блистер, #30"
188586,"ДИКЛОФЕНАК ЕВРО, Euro Lifecare  (Великобритания), табл. п/о кишечно-раств. 50 мг блистер, #100"
188587,"ДРОТАВЕРИН, Здоровье Группа компаний ООО (Украина, Харьков), табл. 40 мг блистер, в пачке, #20"
189045,"КЛОДИФЕН, World Medicine  (Великобритания), гель 50 мг/г туба 45 г"
190510,"ИБУПРОМ СПРИНТ МАКС, Дельта Медикел ООО (Украина, Вишневое), капс. мягкие 400 мг блистер, #10"
190511,"ИБУПРОМ СПРИНТ МАКС, Дельта Медикел ООО (Украина, Вишневое), капс. мягкие 400 мг блистер, #20"
190529,"САЛОФАЛЬК, Alpen Pharma AG   (Швейцария), гран. гастрорезист. пролонг. 1,5 г пакетик ""Грану-Стикс"", #35"
190530,"САЛОФАЛЬК, Alpen Pharma AG   (Швейцария), гран. гастрорезист. пролонг. 3 г пакетик ""Грану-Стикс"", #50"
190973,"НО-ШПА®, Opella Healthcare International  (Франция), табл. 40 мг блистер, #24"
191403,"ДИКЛОФЕНАК-ВИОЛА, Виола ФФ ЧАО (Украина, Запорожье), гель 1 % туба 40 г, в пачке"
192599,"ОРТОФЕН-ЗДОРОВЬЕ ФОРТЕ, Здоровье Группа компаний ООО (Украина, Харьков), табл. п/о кишечно-раств. 50 мг блистер, #30"
193148,"ВОЛЬТАРЕН ЭМУЛЬГЕЛЬ, Халеон Украина ООО (Украина, Киев), эмульгель д/наруж. прим. 1 % туба 100 г, #1"
193845,"ДРОТАВЕРИН-ДАРНИЦА, Дарница ЧАО (Украина, Киев), табл. 40 мг контурн. ячейк. уп., #30"
196792,"ПЕНТАСА, Ferring International Center  (Швейцария), супп. ректал. 1000 мг, #28"
201898,"ГЕПАРИН-ИНДАР, Индар ЧАО (Украина, Киев), р-р д/ин. 25000 МЕ фл. 5 мл, в пачке, #1"
201899,"ГЕПАРИН-ИНДАР, Индар ЧАО (Украина, Киев), р-р д/ин. 25000 МЕ фл. 5 мл, в пачке, #5"
221839,"НУРОФЕН, Reckitt Benckiser Healthcare International  (Великобритания), табл. п/о 200 мг блистер, #8"
223405,"ЭРИДЕЗ-ДАРНИЦА, Дарница ЧАО (Украина, Киев), табл. п/о 5 мг контурн. ячейк. уп., #10"
224460,"ГЛУТАРГИН, Здоровье Группа компаний ООО (Украина, Харьков), р-р д/ин. 40 мг/мл амп. 5 мл, в блистере в коробке, #10"
226026,"ТРОКСЕВАЗИН®, Teva (Израиль), капс. 300 мг блистер, #100"
228088,"НО-Х-ША®, Лекхим ЧАО (Украина, Киев), р-р д/ин. 20 мг/мл амп. 2 мл, блистер в пачке, #5"
229233,"ФЛЕБОТОН, Sopharma (Болгария), капс. тверд. 300 мг, #50"
229238,"ТРОКСЕВАЗИН, Teva (Израиль), гель 2 % туба 20 г"
229239,"ТРОКСЕВАЗИН, Teva (Израиль), гель 2 % туба 100 г"
229565,"L-АРГИНИН 1000 МГ, Solgar Vitamin and Herb  (США), табл. 1000 мг, #90"
230392,"НО-ШПА® ФОРТЕ, Opella Healthcare International  (Франция), табл. 80 мг блистер, #24"
231097,"НАЛГЕЗИН, KRKA d.d. Novo Mesto  (Словения), табл. п/плен. оболочкой 275 мг блистер, в карт. коробке, #20"
233883,"ФЛЕБОТОН, Sopharma (Болгария), гель 2 % туба 40 г, #1"
235559,"НАЛГЕЗИН ФОРТЕ, KRKA d.d. Novo Mesto  (Словения), табл. п/плен. оболочкой 550 мг, #20"
246468,"ДИКЛОФЕНАК НАТРИЯ, Лекхим ЧАО (Украина, Киев), р-р д/ин. 25 мг/мл амп. 3 мл, в блистере в пачке, #5"
258487,"ДИКЛОФЕНАК-ЗДОРОВЬЕ УЛЬТРА, Здоровье Группа компаний ООО (Украина, Харьков), спрей накожный 40 мг/мл фл. стекл. с клапаном-насосом 50 мл, с насадкой-расп. и защ."
273078,"ВОЛЬТАРЕН ФОРТЕ, Халеон Украина ООО (Украина, Киев), эмульгель д/наруж. прим. 2,32 % туба 50 г, #1"
273079,"ВОЛЬТАРЕН ФОРТЕ, Халеон Украина ООО (Украина, Киев), эмульгель д/наруж. прим. 2,32 % туба 100 г, #1"
282637,"ДИКЛОФЕНАК, Красная звезда ОАО (Украина, Харьков), табл. 0,05 г блистер, #10"
284124,"ТОРИДИП 10, Torrent Pharmaceuticals (Индия), табл. п/плен. оболочкой 10 мг блистер, #30"
284126,"ТОРИДИП 20, Torrent Pharmaceuticals (Индия), табл. п/плен. оболочкой 20 мг блистер, #30"
287265,"АЛЬГЕРИКА, Teva (Израиль), капс. тверд. 75 мг блистер, #28"
287266,"АЛЬГЕРИКА, Teva (Израиль), капс. тверд. 75 мг блистер, #56"
287268,"АЛЬГЕРИКА, Teva (Израиль), капс. тверд. 150 мг блистер, #14"
287270,"АЛЬГЕРИКА, Teva (Израиль), капс. тверд. 150 мг блистер, #56"
287569,"ИБУФЕН® ДЛЯ ДЕТЕЙ МАЛИНА, Polpharma (Польша), сусп. оральн. 100 мг/5 мл фл. 100 мл, #1"
292347,"ВОЛЬТАРЕН®, Novartis Pharma (Швейцария), р-р д/ин. 75 мг амп. 3 мл, #5"
292558,"НЕОГАБИН 150, Acino (Швейцария), капс. 150 мг блистер, #30"
292559,"НЕОГАБИН 150, Acino (Швейцария), капс. 150 мг блистер, #60"
292561,"НЕОГАБИН 75, Acino (Швейцария), капс. 75 мг блистер, #30"
292562,"НЕОГАБИН 75, Acino (Швейцария), капс. 75 мг блистер, #60"
294556,"L-АРГИНИН 500 МГ, Solgar Vitamin and Herb  (США), капс. 500 мг фл., #50"
295211,"ИБУФЕН® ДЛЯ ДЕТЕЙ КЛУБНИКА, Polpharma (Польша), сусп. оральн. 100 мг/5 мл фл. пластик. со шприцом-дозат. 100 мл, #1"
296819,"ДЕЗЛОРАТАДИН, Лекхим ЧАО (Украина, Киев), табл. п/о 5 мг блистер, #10"
296820,"ДЕЗЛОРАТАДИН, Лекхим ЧАО (Украина, Киев), табл. п/о 5 мг блистер, #30"
297649,"ГЕПАРИН-ФАРМЕКС, Здоровье Группа компаний ООО (Украина, Харьков), р-р д/ин. 5000 МЕ/мл фл. 5 мл, #5"
297659,"НЕОГАБИН 150, Acino (Швейцария), капс. 150 мг блистер, #10"
306007,"БРАКСОН, Юрия-Фарм ООО (Украина, Киев), р-р д/ин. 40 мг/мл амп. 2 мл, #10"
306909,"НЕОГАБИН 75, Acino (Швейцария), капс. 75 мг блистер, #10"
306972,"АЦИКЛОВИР БЕЛУПО, Belupo (Хорватия), крем д/наруж. прим. 5 % туба 2 г, #1"
306973,"АЦИКЛОВИР БЕЛУПО, Belupo (Хорватия), крем д/наруж. прим. 5 % туба 5 г, #1"
306974,"АЦИКЛОВИР БЕЛУПО, Belupo (Хорватия), крем д/наруж. прим. 5 % туба 10 г, #1"
307537,"ЕВРОФАСТ, Euro Lifecare  (Великобритания), капс. мягкие желат. 200 мг блистер в коробке, #10"
307538,"ЕВРОФАСТ, Euro Lifecare  (Великобритания), капс. мягкие желат. 400 мг блистер в коробке, #10"
308730,"ТИВОМАКС-ДАРНИЦА, Дарница ЧАО (Украина, Киев), р-р д/инф. 42 мг/мл фл. 100 мл, #1"
311761,"НУРОФЕН ЭКСПРЕСС ФОРТЕ, Reckitt Benckiser Healthcare International  (Великобритания), капс. мягкие 400 мг, #10"
312664,"ДИОФЛАН, Корпорация Артериум  (Украина, Киев), гель 1000 ЕД/г туба 40 г, в пачке, #1"
314746,"НУРОФЕН ДЛЯ ДЕТЕЙ, Reckitt Benckiser Healthcare International  (Великобритания), сусп. оральн. 100 мг/5 мл фл. 200 мл, с апельсиновым вкусом"
325618,"НЕОФЕН БЕЛУПО ПЛЮС, Belupo (Хорватия), гель 50 мг/г туба 50 г, #1"
325620,"НЕОФЕН БЕЛУПО ПЛЮС, Belupo (Хорватия), гель 50 мг/г туба 100 г, #1"
325864,"АСАКОЛ®, Biocodex  (Франция), супп. ректал. 500 мг блистер, #20"
326683,"МАКСГАЛИН 75, SUN  (Индия), капс. 75 мг стрип, #60"
326687,"МАКСГАЛИН 150, SUN  (Индия), капс. 150 мг стрип, #60"
327057,"ТОРГАБАЛИН 75, Torrent Pharmaceuticals (Индия), капс. тверд. 75 мг блистер, #30"
327181,"ДЕЗЛОРАТАДИН, Лекхим ЧАО (Украина, Киев), сироп 0,5 мг/мл банка 60 мл, #1"
329670,"ЭКЗОДЕРИЛ®, Sandoz (Швейцария), р-р накожный 1 % фл. 20 мл, #1"
329974,"ИБУФЕН® ФОРТЕ, Polpharma (Польша), сусп. оральн. 200 мг/5 мл фл. 40 мл, с ароматом клубники, #1"
330018,"НУРОФЕН ДЛЯ ДЕТЕЙ, Reckitt Benckiser Healthcare International  (Великобритания), сусп. оральн. 100 мг/5 мл фл. 200 мл, с клубничным вкусом"
330119,"ЛИПСТЕР, Фармак АО (Украина, Киев), крем 5 % туба 5 г, #1"
330834,"ЛИРИКА, Viatris  (США), капс. 300 мг блистер, #21"
336125,"БЛОГИР-3, Belupo (Хорватия), табл., дисперг. в рот. полости 5 мг блистер, #10"
336144,"БЛОГИР-3, Belupo (Хорватия), р-р оральный 0,5 мг/мл фл. 60 мл, #1"
336535,"КЛОДИФЕН, World Medicine  (Великобритания), кап. глаз., р-р 1 мг/мл фл.-капельн. 5 мл, #1"
342887,"ВАЛАРГИН, ВАЛАРТИН ФАРМА ООО (Украина, Киев), табл. шип., #10"
343078,"ХИТАКСА, Adamed Pharma (Польша), табл., дисперг. в рот. полости 2,5 мг блистер, #10"
343083,"ХИТАКСА, Adamed Pharma (Польша), табл., дисперг. в рот. полости 5 мг блистер, #10"
350492,"НУРОФЕН ДЛЯ ДЕТЕЙ ФОРТЕ, Reckitt Benckiser Healthcare International  (Великобритания), сусп. оральн. 200 мг/5 мл фл. 100 мл, с клубничным вкусом"
352761,"АЛЕРДЕЗ, Борщаговский ХФЗ ПАО (Украина, Киев), сироп 0,5 мг/мл фл. 50 мл, в пачке, #1"
352786,"НО-ШПА® КОМФОРТ, Opella Healthcare International  (Франция), табл. п/плен. оболочкой 40 мг блистер, #24"
352921,"ДЕЗРАДИН®, KRKA d.d. Novo Mesto  (Словения), табл. п/плен. оболочкой 5 мг блистер, #10"
352922,"ДЕЗРАДИН®, KRKA d.d. Novo Mesto  (Словения), табл. п/плен. оболочкой 5 мг блистер, #30"
358764,"АРГЕТТ ДУО, Дельта Медикел ООО (Украина, Вишневое), капс. тверд. с модиф. высвоб. 75 мг блистер, #20"
358862,"АРГЕТТ РАПИД, Дельта Медикел ООО (Украина, Вишневое), капс. тверд. кишечно-раств. 75 мг, #20"
359468,"ОГРАНИЯ, Фармак АО (Украина, Киев), капс. 300 мг блистер, #30"
359472,"ОГРАНИЯ, Фармак АО (Украина, Киев), капс. 75 мг блистер, #14"
359474,"ОГРАНИЯ, Фармак АО (Украина, Киев), капс. 150 мг блистер, #30"
362211,"ЭСЛОТИН, World Medicine  (Великобритания), табл. п/плен. оболочкой 5 мг блистер, #10"
362338,"ГАЛАРА, World Medicine  (Великобритания), капс. тверд. 75 мг блистер, #14"
362341,"ГАЛАРА, World Medicine  (Великобритания), капс. тверд. 150 мг блистер, #14"
364397,"ПЕНТАСА, Ferring International Center  (Швейцария), сусп. ректал. 1 г/100 мл фл. 100 мл, #7"
375230,"ГАБАНА®, Корпорация Артериум  (Украина, Киев), капс. 150 мг блистер в пачке, #20"
375231,"ГАБАНА®, Корпорация Артериум  (Украина, Киев), капс. 75 мг блистер в пачке, #20"
379544,"ОЛФЕН®, Teva (Израиль), пластырь лечебный 140 мг/12 часов пакет, #2"
379545,"ОЛФЕН®, Teva (Израиль), пластырь лечебный 140 мг/12 часов пакет, #5"
379546,"ОЛФЕН®, Teva (Израиль), пластырь лечебный 140 мг/12 часов пакет, #10"
389697,"ЛИБРА®, Инфузия ЧАО (Украина, Киев), р-р д/инф. 42 мг/мл бутылка 100 мл, #1"
389720,"СУДОРЕГА, Dr. Reddy`s (Индия), капс. тверд. 75 мг блистер, #28"
389723,"СУДОРЕГА, Dr. Reddy`s (Индия), капс. тверд. 150 мг блистер, #28"
389775,"НУРОФЕН ДЛЯ ДЕТЕЙ ФОРТЕ, Reckitt Benckiser Healthcare International  (Великобритания), сусп. оральн. 200 мг/5 мл фл. 100 мл, с апельсиновым вкусом"
391361,"ИМЕТ® ДЛЯ ДЕТЕЙ 4%, Berlin-Chemie  (Германия), сусп. оральн. 200 мг/5 мл фл. 100 мл"
392611,"ИМЕТ® ДЛЯ ДЕТЕЙ 2%, Berlin-Chemie  (Германия), сусп. оральн. 100 мг/5 мл фл. 100 мл, #1"
404970,"АНГИО-БЕТАРГИН, Ворвартс Фарма ООО (Украина, Киев), р-р д/инф. 42 мг/мл бутылка 100 мл, #1"
404973,"ТРОКСЕРУТИН, Красная звезда ОАО (Украина, Харьков), капс. 300 мг блистер, #60"
406950,"ИБУПРОФЕН, Вертекс ООО ФФ (Украина, Харьков), капс. 200 мг блистер, #20"
406952,"ИБУПРОФЕН, Вертекс ООО ФФ (Украина, Харьков), капс. 400 мг блистер, #20"
407990,"ДИКЛОДЕВ®, Abryl Formulations  (Индия), р-р д/ин. 25 мг/мл амп. 3 мл, #5"
410751,"НАФТИДЕРИЛ, Лекхим ЧАО (Украина, Киев), р-р накожный 1 % фл. 10 мл, #1"
410763,"ЭСТЕЗИФИН, Фармак АО (Украина, Киев), крем 1 % туба 15 г, #1"
410903,"КЛОДИФЕН, World Medicine  (Великобритания), р-р д/ин. 25 мг/мл амп. 3 мл, #5"
411903,"ИБУПРОФЕН-ДАРНИЦА, Дарница ЧАО (Украина, Киев), табл. 200 мг контурн. ячейк. уп., #20"
412196,"САЛОФАЛЬК, Alpen Pharma AG   (Швейцария), супп. ректал. 1000 мг стрип, #10"
414357,"НАФТИФИН, Вертекс ООО ФФ (Украина, Харьков), спрей накожный 10 мг/мл фл. 15 мл, #1"
414359,"НАФТИФИН, Вертекс ООО ФФ (Украина, Харьков), р-р накожный 10 мг/мл фл. 20 мл, с пробкой-капельницей, #1"
421663,"НАФТИФИН, Вертекс ООО ФФ (Украина, Харьков), крем 10 мг/г туба 15 г, #1"
426308,"КЛОДИФЕН, World Medicine  (Великобритания), кап. глаз. 0,1 % фл.-капельн. 5 мл, #1"
426659,"ЭСТЕЗИФИН, Фармак АО (Украина, Киев), спрей накожный 1 % фл. 15 мл, #1"
429378,"НИСПАЗМ ФОРТЕ, Мибе Украина ООО (Украина, Киев), табл. п/плен. оболочкой 80 мг, #20"
429406,"ЛИНБАГ, Sandoz (Швейцария), капс. тверд. 50 мг блистер в коробке, #30"
429408,"ЛИНБАГ, Sandoz (Швейцария), капс. тверд. 75 мг блистер в коробке, #30"
429412,"ЛИНБАГ, Sandoz (Швейцария), капс. тверд. 150 мг блистер в коробке, #30"
429422,"ЛИНБАГ, Sandoz (Швейцария), капс. тверд. 300 мг блистер в коробке, #14"
429513,"ФРИ-АЛ, Фармак АО (Украина, Киев), табл. 5 мг блистер, #10"
429515,"ФРИ-АЛ, Фармак АО (Украина, Киев), табл. 5 мг блистер, #30"
429706,"ДИКЛОФЕНАК-ЗДОРОВЬЕ УЛЬТРА, Здоровье Группа компаний ООО (Украина, Харьков), гель 50 мг/г туба 100 г, #1"
434861,"ПАГАМАКС, Nobel  (Турция), капс. 75 мг блистер, #14"
434862,"ПАГАМАКС, Nobel  (Турция), капс. 150 мг блистер, #14"
438526,"АРГЕТТ СПРЕЙ, Дельта Медикел ООО (Украина, Вишневое), спрей накожный, р-р 4 % фл. с дозир. устр. 25 г, с защ. колпачком, #1"
440792,"ДИКЛОСЕЙФ®, Кусум Фарм ООО (Украина, Киев), супп. 100 мг стрип, в картонной упаковке, #10"
442263,"ЗОНИК, Кусум Фарм ООО (Украина, Киев), капс. тверд. 150 мг блистер, #28"
442799,"ЛИОТРОМБ 1000-ЗДОРОВЬЕ, Здоровье Группа компаний ООО (Украина, Харьков), гель 1000 МЕ/г туба 100 г, #1"
446247,"ФРИВЕЙ КОМБИ, Фармак АО (Украина, Киев), р-р д/инг. фл. в пачке 25 мл, #1"
446925,"САРГИН, Фармак АО (Украина, Киев), р-р д/инф. 42 мг/мл фл. 100 мл, #1"
446993,"ГЕЛЬ ГЕПАРИНОВЫЙ, Вертекс ООО ФФ (Украина, Харьков), гель 1000 МЕ/г туба 25 г, #1"
446994,"ГЕЛЬ ГЕПАРИНОВЫЙ, Вертекс ООО ФФ (Украина, Харьков), гель 1000 МЕ/г туба 50 г, #1"
449655,"ДИКЛОФЕНАК-ТЕВА, Teva (Израиль), р-р д/ин. 75 мг/3 мл амп. 3 мл, #5"
449768,"ПРЕГАБАЛИН-ДАРНИЦА, Дарница ЧАО (Украина, Киев), капс. 75 мг контурн. ячейк. уп., #14"
449769,"ПРЕГАБАЛИН-ДАРНИЦА, Дарница ЧАО (Украина, Киев), капс. 75 мг контурн. ячейк. уп., #21"
449774,"ПРЕГАБАЛИН-ДАРНИЦА, Дарница ЧАО (Украина, Киев), капс. 150 мг контурн. ячейк. уп., #14"
449775,"ПРЕГАБАЛИН-ДАРНИЦА, Дарница ЧАО (Украина, Киев), капс. 150 мг контурн. ячейк. уп., #21"
482526,"ПРЕГАДОЛ, Борщаговский ХФЗ ПАО (Украина, Киев), капс. 150 мг блистер в пачке, #30"
482531,"ПРЕГАДОЛ, Борщаговский ХФЗ ПАО (Украина, Киев), капс. 75 мг блистер в пачке, #30"
484522,"ЭКЗОЛИК, Красная звезда ОАО (Украина, Харьков), р-р накожный 1 % фл. 10 мл, в пачке, #1"
484523,"ЭКЗОЛИК, Красная звезда ОАО (Украина, Харьков), р-р накожный 1 % фл. 20 мл, в пачке, #1"
484867,"ПРЕГАБАЛИН-ЗН, Здоровье Группа компаний ООО (Украина, Харьков), капс. тверд. 75 мг блистер, #20"
484871,"ПРЕГАБАЛИН-ЗН, Здоровье Группа компаний ООО (Украина, Харьков), капс. тверд. 150 мг блистер, #20"
485602,"ТОБРОЦИМ-НЕКСТ, Nextpharm GmbH (Австрия, Медлинг), мазь глаз. 3 мг/г туба-канюля 5 г, #1"
491741,"ЭКЗОДЕРИЛ®, Sandoz (Швейцария), крем 1 % туба 30 г, #1"
491742,"ЭКЗОДЕРИЛ®, Sandoz (Швейцария), крем 1 % туба 30 г, #1"
494908,"АФФИДА МАКС, Дельта Медикел ООО (Украина, Вишневое), табл. п/плен. оболочкой 400 мг блистер, #10"
494909,"АФФИДА МАКС, Дельта Медикел ООО (Украина, Вишневое), табл. п/плен. оболочкой 400 мг блистер, #20"
496971,"ВАЛАРГИН, ВАЛАРТИН ФАРМА ООО (Украина, Киев), табл. шип., #10"
500032,"ДИКЛОСЕЙФ® ФОРТЕ, Кусум Фарм ООО (Украина, Киев), гель эмулс. д/наруж. прим. 2,32 % туба 30 г, #1"
500036,"ДИКЛОСЕЙФ®, Кусум Фарм ООО (Украина, Киев), гель эмулс. д/наруж. прим. 1,16 % туба 30 г, #1"
500633,"ДИКЛОСЕЙФ®, Кусум Фарм ООО (Украина, Киев), супп. 50 мг стрип, в картонной упаковке, #10"
501672,"АРГИТЕК, Дарница ЧАО (Украина, Киев), р-р д/инф. 8 мг/мл фл. 250 мл, #1"
501762,"ЗОНИК, Кусум Фарм ООО (Украина, Киев), капс. тверд. 75 мг блистер, #28"
504143,"АЛЕРДЕЗ, Борщаговский ХФЗ ПАО (Украина, Киев), табл. п/плен. оболочкой 5 мг блистер, #10"
506214,"ЭКЗИК, Житомирская ФФ ООО (Украина, Станишовка), р-р накожный 1 % фл. 20 мл, #1"
511383,"ЭКЗИК, Житомирская ФФ ООО (Украина, Станишовка), крем 1 % туба 15 г, в пачке, #1"
512058,"АРГИЛАЙФ, Корпорация Артериум  (Украина, Киев), р-р д/инф. 42 мг/мл фл. 100 мл, в пачке, #1"
515251,"ДИКЛОФЕНАК НАТРИЯ, Лубныфарм АО (Украина, Лубны), р-р д/ин. 2,5 % амп. 3 мл, в пачке с перегородками, #10"
515563,"ТИВОРТИН®, Юрия-Фарм ООО (Украина, Киев), р-р д/инф. 42 мг/мл бутылка стекл. 200 мл, в пачке, #1"
519505,"АЛЛЕРГОЗАН, Sopharma (Болгария), р-р оральный 0,5 мг/мл бутылка стекл. 120 мл, с мерн стак и дозир шприцем, #1"
529025,"ОЛФЕН® ГИДРОГЕЛЬ, Teva (Израиль), гель 1 % туба 50 г"
539085,"ЭЛКОЦИН, Корпорация Артериум  (Украина, Киев), табл. п/плен. оболочкой 100 мг блистер в пачке, #30"
539264,"БЛОКМАКС ДЛЯ ДЕТЕЙ, Alkaloid (Македония), сусп. оральн. 100 мг/5 мл фл. 100 мл, с мерным шприцем, #1"
539419,"НАПРОКСЕН-ЗДОРОВЬЕ, Здоровье Группа компаний ООО (Украина, Харьков), табл. п/плен. оболочкой 550 мг блистер, #10"
541653,"ЛЕРКАНИДИПИН-ТЕВА, Teva (Израиль), табл. п/плен. оболочкой 20 мг блистер, #28"
541658,"ЛЕРКАНИДИПИН-ТЕВА, Teva (Израиль), табл. п/плен. оболочкой 10 мг блистер, #28"
542896,"ТОРГАБАЛИН 150, Torrent Pharmaceuticals (Индия), капс. тверд. 150 мг блистер, #30"
543373,"ЭКЗИСТА, Adamed Pharma (Польша), капс. тверд. 75 мг блистер, #28"
543374,"ЭКЗИСТА, Adamed Pharma (Польша), капс. тверд. 75 мг блистер, #56"
543376,"ЭКЗИСТА, Adamed Pharma (Польша), капс. тверд. 150 мг блистер, #28"
543377,"ЭКЗИСТА, Adamed Pharma (Польша), капс. тверд. 150 мг блистер, #56"
553396,"ГИНЕНОРМ, Евролек-Украина ООО (Украина, Великая Александровка), р-р вагинал. 0,1 % фл. 100 мл, #5"
562095,"НИКСАР® 10 МГ, Berlin-Chemie  (Германия), табл., дисперг. в рот. полости 10 мг блистер, #10"
562096,"НИКСАР® 10 МГ, Berlin-Chemie  (Германия), табл., дисперг. в рот. полости 10 мг блистер, #30"
563703,"САРГИН, Фармак АО (Украина, Киев), р-р д/инф. 42 мг/мл фл. 100 мл, #1"
579336,"ДОЛОКС РЕТАРД, Euro Lifecare  (Великобритания), табл. пролонг. п/плен. обол. 100 мг блистер, #20"
586547,"АФФИДА МАКС ЭКСПРЕСС, Дельта Медикел ООО (Украина, Вишневое), капс. мягкие 400 мг блистер, #10"
586548,"АФФИДА МАКС ЭКСПРЕСС, Дельта Медикел ООО (Украина, Вишневое), капс. мягкие 400 мг блистер, #20"
596495,"ЕВРОФАСТ ЭКСПРЕСС, Euro Lifecare  (Великобритания), капс. мягкие 400 мг блистер, #20"
597256,"ТЕРАЛИВ®, Bayer Consumer Health  (Швейцария), табл. п/плен. оболочкой 220 мг блистер, #12"
597303,"ГАБАНА®, Корпорация Артериум  (Украина, Киев), капс. 300 мг блистер в пачке, #20"
598740,"ЭКЗОЛИК, Красная звезда ОАО (Украина, Харьков), крем 1 % туба 15 г, в пачке, #1"
600037,"АЛЛЕРГОЗАН, Sopharma (Болгария), табл. п/плен. оболочкой 5 мг блистер, в картонной упаковке, #10"
600038,"АЛЛЕРГОЗАН, Sopharma (Болгария), табл. п/плен. оболочкой 5 мг блистер, в картонной упаковке, #30"
600690,"ЛИПСТЕР, Фармак АО (Украина, Киев), табл. 200 мг блистер, #20"
600692,"ЛИПСТЕР, Фармак АО (Украина, Киев), табл. 400 мг блистер, #20"
600694,"ЛИПСТЕР, Фармак АО (Украина, Киев), табл. 800 мг блистер, #20"
605459,"АФФИДА ЭКСПРЕСС, Дельта Медикел ООО (Украина, Вишневое), капс. мягкие 200 мг блистер, #10"
606190,"ДАРФЕН® КИДС, Дарница ЧАО (Украина, Киев), сусп. оральн. 100 мг/5 мл фл. 100 мл, со шприцем-дозатором, #1"
606191,"ДАРФЕН® КИДС, Дарница ЧАО (Украина, Киев), сусп. оральн. 100 мг/5 мл фл. 200 мл, со шприцем-дозатором, #1"
606192,"ДАРФЕН® КИДС ФОРТЕ, Дарница ЧАО (Украина, Киев), сусп. оральн. 200 мг/5 мл фл. 100 мл, со шприцем-дозатором, #1"
607314,"НУРОФЕН 12+, Reckitt Benckiser Healthcare International  (Великобритания), табл. п/о 200 мг блистер, #12"
618218,"ЛИНЕФОР, Polpharma (Польша), капс. тверд. 75 мг блистер, #56"
618220,"ЛИНЕФОР, Polpharma (Польша), капс. тверд. 150 мг блистер, #56"
618224,"ЛИНЕФОР, Polpharma (Польша), капс. тверд. 300 мг блистер, #56"
624984,"АГЕРП, Сперко Украина СП ООО (Украина, Винница), крем 5 % туба 10 г, #1"
630562,"ТОБРАМИЦИН-ФАРМЕКС, Фармекс Групп ООО (Украина, Борисполь), кап. глаз. 3 мг/мл фл. 5 мл, #1"
630862,"ИБУПРОФЕН 400, Лекхим ЧАО (Украина, Киев), табл. п/плен. оболочкой 400 мг блистер, #10"
630863,"ИБУПРОФЕН 400, Лекхим ЧАО (Украина, Киев), табл. п/плен. оболочкой 400 мг блистер, #20"
630864,"ИБУПРОФЕН 400, Лекхим ЧАО (Украина, Киев), табл. п/плен. оболочкой 400 мг блистер, #50"
631003,"ЭСТЕЗИФИН, Фармак АО (Украина, Киев), р-р накожный 1 % фл. 25 мл, #1"
636734,"ТЕРМИДОЛ, Киевский витаминный завод АО (Украина, Киев), капс. мягкие 200 мг блистер, #10"
636736,"ТЕРМИДОЛ, Киевский витаминный завод АО (Украина, Киев), капс. мягкие 400 мг блистер, #10"
639786,"ДИКЛОСЕЙФ®, Кусум Фарм ООО (Украина, Киев), гель эмулс. д/наруж. прим. 1,16 % туба 100 г, #1"
639788,"ДИКЛОСЕЙФ® ФОРТЕ, Кусум Фарм ООО (Украина, Киев), гель эмулс. д/наруж. прим. 2,32 % туба 100 г, #1"
639815,"ГОФЕН 200, Mega Lifesciences  (Таиланд), капс. мягкие 200 мг блистер, #50"
642476,"ЭЛИЗИУМ, Сперко Украина СП ООО (Украина, Винница), табл. п/плен. оболочкой 5 мг блистер, #10"
642477,"ЭЛИЗИУМ, Сперко Украина СП ООО (Украина, Винница), табл. п/плен. оболочкой 5 мг блистер, #30"
643137,"СОЛАРГИН, Macleods Pharmaceuticals Ltd (Индия), р-р д/инф. 42 мг/мл контейнер 100 мл, #1"
643348,"ЕВРОФАСТ ФОРТЕ, Euro Lifecare  (Великобритания), капс. мягкие 600 мг блистер, #20"
643702,"СОЛАКУТАН, Мибе Украина ООО (Украина, Киев), гель 30 мг/г туба 25 г, #1"
645427,"НО-ШПА® ФОРТЕ, Opella Healthcare International  (Франция), табл. 80 мг блистер, #24"
646698,"НО-ШПА®, Opella Healthcare International  (Франция), табл. 40 мг блистер, #24"
648153,"ЭЛИЗИУМ, Сперко Украина СП ООО (Украина, Винница), р-р оральный 0,5 мг/мл контейнер 60 мл"
648154,"ЭЛИЗИУМ, Сперко Украина СП ООО (Украина, Винница), р-р оральный 0,5 мг/мл контейнер 120 мл"
650512,"БРУФЕН® РАПИД, Abbott Products GmbH  (Германия), капс. мягкие 400 мг блистер, #10"
651549,"ДИКЛОФЕНАК, Красная звезда ОАО (Украина, Харьков), гель 50 мг/г туба ламинатная 100 г, в пачке, #1"
654620,"ДЕЗЛОРАТАДИН-ТЕВА, Teva (Израиль), табл. п/плен. оболочкой 5 мг блистер, #10"
654842,"НУРОФЕН ЭКСПРЕСС ФОРТЕ, Reckitt Benckiser Healthcare International  (Великобритания), капс. мягкие 400 мг, #20"
660135,"ЭРИДЕЗ, Дарница ЧАО (Украина, Киев), табл., дисперг. в рот. полости 5 мг блистер, #10"
660619,"ПРЕГАДОЛ, Борщаговский ХФЗ ПАО (Украина, Киев), капс. 300 мг блистер в пачке, #30"
662851,"ЭЛЕГИУС, Юнифарма ООО (Украина, Киев), сироп 0,5 мг/мл фл. 60 мл, с мерной ложкой"
662852,"ЭЛЕГИУС, Юнифарма ООО (Украина, Киев), сироп 0,5 мг/мл фл. 100 мл, с мерной ложкой"
665593,"ИБУПРОМ МАКС РР, Дельта Медикел ООО (Украина, Вишневое), табл. п/плен. оболочкой 400 мг блистер, #12"
665594,"ИБУПРОМ МАКС РР, Дельта Медикел ООО (Украина, Вишневое), табл. п/плен. оболочкой 400 мг блистер, #24"
666674,"ЛИГАТО, Medochemie (Кипр), капс. тверд. 75 мг блистер, #21"
666678,"ЛИГАТО, Medochemie (Кипр), капс. тверд. 150 мг блистер, #21"
670382,"ЭКЗО-ТИФИН, Здоровье Группа компаний ООО (Украина, Харьков), крем 10 мг/г туба 15 г, #1"
670499,"АЛЕРИК НЕО, Дельта Медикел ООО (Украина, Вишневое), р-р оральный 0,5 мг/мл бутылка 60 мл, #1"
670889,"ЭКЗО-ТИФИН, Здоровье Группа компаний ООО (Украина, Харьков), спрей накожный, р-р 10 мг/г фл. 15 мл, #1"
671174,"ЭКЗО-ТИФИН, Здоровье Группа компаний ООО (Украина, Харьков), р-р накожный 10 мг/г фл. 8 мл, #1"
671175,"ЭКЗО-ТИФИН, Здоровье Группа компаний ООО (Украина, Харьков), р-р накожный 10 мг/г фл. 20 мл, #1"
674968,"АСТРИЯ, Астрафарм ООО (Украина, Вишневое), табл. п/плен. оболочкой 5 мг блистер, коробка, #10"
684450,"ПРЕГАЛИКА, Mistral Capital Management  (Великобритания), капс. тверд. 75 мг блистер, #20"
684452,"ПРЕГАЛИКА, Mistral Capital Management  (Великобритания), капс. тверд. 150 мг блистер, #20"
684454,"ПРЕГАЛИКА, Mistral Capital Management  (Великобритания), капс. тверд. 300 мг блистер, #20"
684691,"БРУФЕН® РЕТАРД, Abbott Products GmbH  (Германия), табл. пролонг. п/плен. обол. 800 мг блистер, #14"
686099,"ЭЗАНТАЛ, Микрохим ООО НПФ (Украина, Киев), табл. п/плен. оболочкой 10 мг блистер, #30"
686104,"ЭЗАНТАЛ, Микрохим ООО НПФ (Украина, Киев), табл. п/плен. оболочкой 20 мг блистер, #30"
699816,"БУПИРОЛ, Mistral Capital Management  (Великобритания), р-р д/инф. 4 мг/мл контейнер 100 мл, #1"
699977,"УНИКЛОФЕН, Unimed Pharma (Словацкая Республика), кап. глаз., р-р 0,1 % контейнер-капельница 10 мл"
702760,"ДИКЛОФЕНАК, Виола ФФ ЧАО (Украина, Запорожье), гель 5 % туба алюм. 50 г, в пачке"
702762,"ДИКЛОФЕНАК, Виола ФФ ЧАО (Украина, Запорожье), гель 5 % туба алюм. 100 г, в пачке"
712065,"ТИВАРГИН-H, Фармасел  (Украина, Макеевка), р-р д/инф. 42 мг/мл фл. 100 мл, в пачке, #1"
714764,"ИБУПРОФЕН БЕБИ, Здоровье Группа компаний ООО (Украина, Харьков), сусп. оральн. 100 мг/5 мл фл. 100 мл, #1"
714765,"ИБУПРОФЕН БЕБИ, Здоровье Группа компаний ООО (Украина, Харьков), сусп. оральн. 100 мг/5 мл фл. 200 мл, #1"
716751,"ИБУПРОФЕН-ЗДОРОВЬЕ, Здоровье Группа компаний ООО (Украина, Харьков), капс. 200 мг блистер, #10"
716752,"ИБУПРОФЕН-ЗДОРОВЬЕ, Здоровье Группа компаний ООО (Украина, Харьков), капс. 200 мг блистер, #20"
716755,"ИБУПРОФЕН-ЗДОРОВЬЕ, Здоровье Группа компаний ООО (Украина, Харьков), капс. 400 мг блистер, #10"
716756,"ИБУПРОФЕН-ЗДОРОВЬЕ, Здоровье Группа компаний ООО (Украина, Харьков), капс. 400 мг блистер, #20"
717078,"ФЛУСТИН, ПРО-фарма ООО (Украина, Киев), табл. 20 мг блистер, #10"
725968,"ВАНЛЕРК, Киевский витаминный завод АО (Украина, Киев), табл. п/плен. оболочкой 10 мг блистер, #30"
725970,"ВАНЛЕРК, Киевский витаминный завод АО (Украина, Киев), табл. п/плен. оболочкой 20 мг блистер, #30"
727423,"БАПРЕ, Hetero Drugs (Индия), капс. 75 мг блистер, #30"
727426,"БАПРЕ, Hetero Drugs (Индия), капс. 150 мг блистер, #30"
727428,"БАПРЕ, Hetero Drugs (Индия), капс. 300 мг блистер, #30"
741033,"НУРОФЕН ЭКСПРЕСС УЛЬТРАКАП, Reckitt Benckiser Healthcare International  (Великобритания), капс. мягкие 200 мг, #16"
743232,"ПРЕГАБАЛИН-ДАРНИЦА, Дарница ЧАО (Украина, Киев), капс. 300 мг контурн. ячейк. уп., #14"
743233,"ПРЕГАБАЛИН-ДАРНИЦА, Дарница ЧАО (Украина, Киев), капс. 300 мг контурн. ячейк. уп., #21"
744608,"АФФИДА МАКС С АРГИНИНОМ, Дельта Медикел ООО (Украина, Вишневое), гран. д/оральн. р-ра 400 мг саше, #20"
746868,"ДИКЛОФЕНАК-ТЕВА ФОРТЕ 2%, Teva (Израиль), гель 2 % туба 50 г, #1"
754566,"ИБУПРОФЕН 200, Лекхим ЧАО (Украина, Киев), табл. п/плен. оболочкой 200 мг блистер, #50"
757899,"НО-ШПА® ФОРТЕ, Opella Healthcare International  (Франция), табл. 80 мг блистер, #10"
761560,"МОВИРИКА, Movi Health  (Швейцария), капс. тверд. 75 мг блистер, #14"
761562,"МОВИРИКА, Movi Health  (Швейцария), капс. тверд. 50 мг блистер, #14"
761565,"МОВИРИКА, Movi Health  (Швейцария), капс. тверд. 150 мг блистер, #14"
761602,"ДЕЗЛОРАТАДИН-ТЕВА, Teva (Израиль), р-р оральный 0,5 мг/мл фл. 60 мл, с мерным шприцем, #1"
761708,"БИЛАГИС, Фармак АО (Украина, Киев), табл. 20 мг блистер, #10"
761709,"БИЛАГИС, Фармак АО (Украина, Киев), табл. 20 мг блистер, #30"
762620,"ТОБРИНЕКСТ, Nextpharm GmbH (Австрия, Медлинг), мазь глаз. 3 мг/г туба-канюля 5 г, #1"
763066,"ЛИПСТЕР® МИНТ, Фармак АО (Украина, Киев), крем 5 % туба 5 г, #1"
773377,"ЗОНИК, Кусум Фарм ООО (Украина, Киев), капс. тверд. 25 мг блистер, #28"
773380,"ЗОНИК, Кусум Фарм ООО (Украина, Киев), капс. тверд. 50 мг блистер, #28"
775520,"ДАРФЕН® ЭКСПРЕСС, Дарница ЧАО (Украина, Киев), сусп. оральн. 200 мг/10 мл саше 10 мл, #10"
781224,"ДИКЛОФЕНАК, Виола ФФ ЧАО (Украина, Запорожье), гель 5 % туба, в пачке 50 г, тм А+"
781232,"ДИКЛОФЕНАК, Виола ФФ ЧАО (Украина, Запорожье), гель 5 % туба, в пачке 50 г, тм Магнолия"
791865,"ДИКЛОФЕНАК, Виола ФФ ЧАО (Украина, Запорожье), гель 5 % туба, в пачке 50 г, тм Sator Pharma"
792447,"ПРЕГАММА, Amaxa (Великобритания), капс. тверд. 75 мг блистер, #28"
792450,"ПРЕГАММА, Amaxa (Великобритания), капс. тверд. 150 мг блистер, #28"
793177,"ПРЕГАЛОН, Лекхим ЧАО (Украина, Киев), капс. тверд. 75 мг блистер, #14"
793178,"ПРЕГАЛОН, Лекхим ЧАО (Украина, Киев), капс. тверд. 75 мг блистер, #21"
793180,"ПРЕГАЛОН, Лекхим ЧАО (Украина, Киев), капс. тверд. 150 мг блистер, #14"
793181,"ПРЕГАЛОН, Лекхим ЧАО (Украина, Киев), капс. тверд. 150 мг блистер, #21"
793184,"ПРЕГАЛОН, Лекхим ЧАО (Украина, Киев), капс. тверд. 300 мг блистер, #14"
793185,"ПРЕГАЛОН, Лекхим ЧАО (Украина, Киев), капс. тверд. 300 мг блистер, #21"
795629,"ИБУПРОФЕН-ЗДОРОВЬЕ УЛЬТРАКАП, Здоровье Группа компаний ООО (Украина, Харьков), капс. мягкие 200 мг блистер, #20"
795632,"ИБУПРОФЕН-ЗДОРОВЬЕ УЛЬТРАКАП, Здоровье Группа компаний ООО (Украина, Харьков), капс. мягкие 400 мг блистер, #20"
802774,"КЛОДИФЕН, World Medicine  (Великобритания), кап. глаз., р-р 1 мг/мл фл.-капельн. 5 мл, #1"
813369,"ЭДОКСАКОРД, Киевский витаминный завод АО (Украина, Киев), табл. п/плен. оболочкой 60 мг блистер, #30"
813371,"ЭДОКСАКОРД, Киевский витаминный завод АО (Украина, Киев), табл. п/плен. оболочкой 30 мг блистер, #30"
814025,"ОЛФЕН® ГИДРОГЕЛЬ, Teva (Израиль), гель 1 % туба 100 г"
819886,"БОФЕН 600, Борщаговский ХФЗ ПАО (Украина, Киев), табл. п/плен. оболочкой 600 мг блистер, #20"
822324,"ОЛФЕН® ФОРТЕ ГИДРОГЕЛЬ, Teva (Израиль), гель 2 % туба 50 г, #1"
822325,"ОЛФЕН® ФОРТЕ ГИДРОГЕЛЬ, Teva (Израиль), гель 2 % туба 100 г, #1"
824257,"ДИКЛОФЕНАК, Виола ФФ ЧАО (Украина, Запорожье), гель 5 % туба, в пачке 50 г, тм Tabula Vita"
825306,"ЛОРАТАДИН, Фармак АО (Украина, Киев), табл. 0,01 г блистер, тм Baum Pharm, #10"
825517,"НО-ШПА® ФОРТЕ, Opella Healthcare International  (Франция), табл. 80 мг блистер, #10"
825568,"ПРЕГАБАЛИН-ТЕВА, Teva (Израиль), капс. тверд. 75 мг блистер, #28"
825572,"ПРЕГАБАЛИН-ТЕВА, Teva (Израиль), капс. тверд. 150 мг блистер, #28"
825643,"ДИКЛОФЕНАК, Виола ФФ ЧАО (Украина, Запорожье), гель 5 % туба ламинатная 50 г, в пачке"
825645,"ДИКЛОФЕНАК, Виола ФФ ЧАО (Украина, Запорожье), гель 5 % туба ламинатная 100 г, в пачке"
830072,"НАФТИФИН, ДКП Фармацевтическая фабрика  (Украина), р-р накожный 1 % фл. 20 мл, #1"
831477,"ДИКЛОФЕНАК-ВИОЛА, Виола ФФ ЧАО (Украина, Запорожье), гель 1 % туба ламинатная 40 г, в пачке"
832883,"ДОЛГИТ® КРЕМ, Naturwaren (Германия), крем туба 150 г, #1"
834361,"ЛЕРКАНИЯ, Фармак АО (Украина, Киев), табл. п/плен. оболочкой 10 мг блистер, #30"
834364,"ЛЕРКАНИЯ, Фармак АО (Украина, Киев), табл. п/плен. оболочкой 20 мг блистер, #30"
834529,"НАФТИФИН, Житомирская ФФ ООО (Украина, Станишовка), крем 1 % туба 15 г, #1"
841015,"ДРОТАВЕРИНА ГИДРОХЛОРИД, Лубныфарм АО (Украина, Лубны), табл. 40 мг блистер, #10"
846589,"ДАРФЕН® УЛЬТРАКАП 200, Дарница ЧАО (Украина, Киев), капс. мягкие 200 мг блистер, #10"
847178,"ИБУПРОФЕН, Борщаговский ХФЗ ПАО (Украина, Киев), табл. п/плен. оболочкой 200 мг, тм Arbor Vitae, #50"
848397,"АЦИКЛОВИР, Житомирская ФФ ООО (Украина, Станишовка), мазь 2,5 % туба 10 г, тм Магнолия, #1"
848920,"ДРОТАВЕРИНА ГИДРОХЛОРИД, Лубныфарм АО (Украина, Лубны), табл. 40 мг блистер, тм ANC PHARMA, #20"
849502,"АЦИКЛОВИР, Житомирская ФФ ООО (Украина, Станишовка), мазь 2,5 % туба 10 г, тм А+, #1"
849929,"ЛОРАТАДИН, Астрафарм ООО (Украина, Вишневое), табл. 10 мг блистер, тм Илан Фарм, #10"
853735,"ЛОРАТАДИН, Житомирская ФФ ООО (Украина, Станишовка), сироп 1 мг/мл фл. 90 мл, тм Илан Фарм, #1"
865513,"ФРИВЕЙ® КОМБИ НЕБУЛА, Фармак АО (Украина, Киев), р-р д/инг. небулы 4 мл, #20"
867659,"ДИКЛОСЕЙФ®, Кусум Фарм ООО (Украина, Киев), гель эмулс. д/наруж. прим. 1,16 % туба 50 г, #1"
867660,"ДИКЛОСЕЙФ® ФОРТЕ, Кусум Фарм ООО (Украина, Киев), гель эмулс. д/наруж. прим. 2,32 % туба 50 г, #1"
870111,"ТОЙФЕН, Виола ФФ ЧАО (Украина, Запорожье), капс. мягкие 400 мг блистер, #20"
870347,"ИБУПРОФЕН, Sopharma (Болгария), табл. п/о 200 мг блистер в пачке, тм Baum Pharm, #50"
872571,"ЛОРАТАДИН, Корпорация Артериум  (Украина, Киев), табл. 10 мг блистер, тм Arbor Vitae, #10"
872572,"АЦИКЛОВИР, Житомирская ФФ ООО (Украина, Станишовка), мазь 2,5 % туба 10 г, тм Baum Pharm, #1"
872580,"ДРОТАВЕРИН, Корпорация Артериум  (Украина, Киев), табл. 40 мг блистер, тм Arbor Vitae, #30"
874559,"ПРЕГАБАЛИН-ДАРНИЦА, Дарница ЧАО (Украина, Киев), р-р оральный 20 мг/мл флакон с адаптером 200 мл, с дозир. шприцем, #1"
876230,"ДАРФЕН®, Дарница ЧАО (Украина, Киев), табл. п/о 200 мг блистер, #7"
876235,"ДАРФЕН®, Дарница ЧАО (Украина, Киев), табл. п/о 200 мг блистер, #14"
876236,"ДАРФЕН®, Дарница ЧАО (Украина, Киев), табл. п/о 400 мг блистер, #7"
876237,"ДАРФЕН®, Дарница ЧАО (Украина, Киев), табл. п/о 400 мг блистер, #14"
883339,"АМИНАРГИН, Новофарм-Биосинтез Фирма ООО (Украина, Звягель (Новоград-Волынский)), р-р д/инф. 42 мг/мл бутылка 100 мл"
884852,"ДИКЛОФЕНАК, Лубныфарм АО (Украина, Лубны), гель 50 мг/г туба 40 г, в пачке, #1"
890802,"ДИКЛАК® ГЕЛЬ, Sandoz (Швейцария), гель 5 % туба 150 г, #1"
891717,"ТРОКСЕРУТИН, Юнифарма ООО (Украина, Киев), гель 2 % туба 40 г, в пачке, #1"
892273,"ДОЛГИТ® ГЕЛЬ, Naturwaren (Германия), гель туба 150 г"
892833,"АЛКОПРАЙМ, Агрика-Пром ООО (Украина, Харьков), пор. саше 4 г, тм Vitacore, #10"
893624,"ДЕЗЛОРАТАДИН, Здоровье Группа компаний ООО (Украина, Харьков), табл. п/плен. оболочкой 5 мг блистер, в карт. коробке, #10"
894043,"МОНДЕКС, Кусум Фарм ООО (Украина, Киев), супп. 1000 мг стрип, #30"
898110,"БИЛАСТИН-ТЕВА, Teva (Израиль), табл. 20 мг блистер, #10"
899143,"ДОЛОКСЕН СТРОНГ, Euro Lifecare  (Великобритания), гель 50 мг/г туба 100 г, #1"
899144,"ДОЛОКСЕН СТРОНГ, Euro Lifecare  (Великобритания), гель 50 мг/г туба 40 г, #1"
907299,"НАФТИФИН, Вертекс ООО ФФ (Украина, Харьков), р-р накожный 10 мг/мл фл. 20 мл, тм ANC PHARMA, #1"
907300,"НАФТИФИН, Вертекс ООО ФФ (Украина, Харьков), крем 10 мг/г туба 15 г, тм ANC PHARMA, #1"
907302,"ИБУПРОФЕН, Sopharma (Болгария), табл. п/о 200 мг блистер в пачке, тм Ронфарм, #50"
907381,"ДИКЛОФЕНАК ЕВРО, Unique  (Индия), табл. п/о кишечно-раств. 50 мг блистер, тм Ронфарм, #100"
907383,"ДИКЛОФЕНАК НАТРИЯ, Лубныфарм АО (Украина, Лубны), р-р д/ин. 2,5 % амп. 3 мл, тм ANC PHARMA, #10"
908133,"АСТРИЯ, Астрафарм ООО (Украина, Вишневое), табл. п/плен. оболочкой 5 мг блистер, тм Baum Pharm, #10"
908730,"ДЕЗЛОРАТАДИН, Технолог ЧАО (Украина, Умань), табл. п/о 5 мг блистер, тм Solution Pharm, #10"
908736,"ОРТОФЕН, Лекхим ЧАО (Украина, Киев), табл. п/о кишечно-раств. 25 мг блистер, тм Solution Pharm, #30"
909840,"ЕВРОФАСТ СОФТКАПС, Euro Lifecare  (Великобритания), капс. мягкие 400 мг блистер, в карт. коробке, #20"
909843,"ЕВРОФАСТ СОФТКАПС, Euro Lifecare  (Великобритания), капс. мягкие 200 мг блистер, в карт. коробке, #20"
909844,"АЦИКЛОВИР, Житомирская ФФ ООО (Украина, Станишовка), мазь 2,5 % туба 10 г, тм Solution Pharm, #1"
910061,"ДРОТАВЕРИН, Корпорация Артериум  (Украина, Киев), табл. 40 мг блистер, тм Илан Фарм, #30"
911701,"ЕВРОФАСТ ЭКСПРЕСС, Euro Lifecare  (Великобритания), капс. мягкие 400 мг блистер, тм ANC PHARMA, #20"
914477,"ДИКЛОФЕНАК, Виола ФФ ЧАО (Украина, Запорожье), гель 5 % туба алюм. 50 г, тм San Farma"
914538,"ДИКЛОФЕНАК НАТРИЯ, Лубныфарм АО (Украина, Лубны), р-р д/ин. 2,5 % амп. 3 мл, тм Solution Pharm, #10"
917307,"ДИКЛОФЕНАК, Виола ФФ ЧАО (Украина, Запорожье), гель 5 % туба ламинатная 50 г, тм Fidem Pharm"
917645,"НАФТИФИН, Житомирская ФФ ООО (Украина, Станишовка), крем 1 % туба 15 г, тм Магнолия, #1"
918834,"НАФТИФИН, Житомирская ФФ ООО (Украина, Станишовка), р-р накожный 1 % фл. 20 мл, тм Магнолия, #1"
919331,"ПРЕГАБАЛИН АСИНО, Acino (Швейцария), капс. 75 мг блистер, #60"
919334,"ПРЕГАБАЛИН АСИНО, Acino (Швейцария), капс. 150 мг блистер, #60"
921415,"ДИКЛОФЕНАК, Виола ФФ ЧАО (Украина, Запорожье), гель 5 % туба алюм. 50 г, тм. Dr. OM"
921416,"ДИКЛОФЕНАК, Виола ФФ ЧАО (Украина, Запорожье), гель 5 % туба алюм. 50 г, тм Dr. Bauer"
921683,"ПРЕГАБАЛИН АСИНО, Acino (Швейцария), капс. 150 мг блистер, #30"
921684,"ПРЕГАБАЛИН АСИНО, Acino (Швейцария), капс. 75 мг блистер, #30"
922667,"ДРОТАВЕРИНА ГИДРОХЛОРИД, Лубныфарм АО (Украина, Лубны), табл. 40 мг блистер, тм Solution Pharm, #20"
923836,"ДИКЛОФЕНАК, Виола ФФ ЧАО (Украина, Запорожье), гель 5 % туба ламинатная 50 г, тм Arbor Vitae"
926280,"ДИКЛОФЕНАК, Виола ФФ ЧАО (Украина, Запорожье), гель 5 % туба ламинатная 50 г, тм Baum Pharm"
926346,"ДЕЗЛОРАТАДИН, Здоровье Группа компаний ООО (Украина, Харьков), сироп 0,5 мг/мл фл. 100 мл, с дозир. шприцем-пипеткой"
926530,"АЦИКЛОВИР, Житомирская ФФ ООО (Украина, Станишовка), мазь 2,5 % туба 10 г, тм Fidem Pharm, #1"
930464,"ТЕРМИДОЛ, Киевский витаминный завод АО (Украина, Киев), капс. мягкие 400 мг блистер, #36"
940073,"ДИКЛОФЕНАК, Виола ФФ ЧАО (Украина, Запорожье), гель 5 % туба, в пачке 100 г, тм А+"
945739,"ЭРИДЕЗ, Дарница ЧАО (Украина, Киев), сироп 0,5 мг/мл фл. с мерн. стаканчиком 100 мл, #1"
945880,"ЛОРАТАДИН, Житомирская ФФ ООО (Украина, Станишовка), сироп 1 мг/мл фл. 90 мл, тм Baum Pharm, #1"
946741,"ИБУПРОФЕН, Лекхим ЧАО (Украина, Киев), табл. п/о 200 мг блистер, тм А+, #50"
947795,"ДИКЛОФЕНАК, Виола ФФ ЧАО (Украина, Запорожье), гель 5 % туба ламинатная 50 г, тм Expert Pharma"
949001,"ДАРФЕН® УЛЬТРАКАП 400, Дарница ЧАО (Украина, Киев), капс. мягкие 400 мг блистер, #10"
951101,"АНГИО-БЕТАРГИН, Ворвартс Фарма ООО (Украина, Киев), р-р д/инф. 42 мг/мл контейнер п/п 100 мл, #1"
951284,"ТИВОРТИН ФОРТЕ, Юрия-Фарм ООО (Украина, Киев), р-р д/инф. 84 мг/мл фл. стекл. 50 мл, #1"
951287,"ТИВОРТИН ФОРТЕ, Юрия-Фарм ООО (Украина, Киев), р-р д/инф. 84 мг/мл бутылка стекл. 100 мл, #1"
954397,"НУРОФЕН ФОРТЕ, Reckitt Benckiser Healthcare International  (Великобритания), табл. п/о 400 мг, #24"
955515,"КИНЕЙРОН, Лекхим ЧАО (Украина, Киев), капс. тверд. 150 мг блистер, #21"
955517,"КИНЕЙРОН, Лекхим ЧАО (Украина, Киев), капс. тверд. 300 мг блистер, #21"
955522,"КИНЕЙРОН, Лекхим ЧАО (Украина, Киев), капс. тверд. 75 мг блистер, #21"
960080,"ТАФФА 6+, Фармак АО (Украина, Киев), табл. п/плен. оболочкой 200 мг блистер, #10"
960083,"ТАФФА КЛАССИЧЕСКАЯ, Фармак АО (Украина, Киев), табл. п/плен. оболочкой 400 мг блистер, #10"
960113,"ТАФФА ЭКСТРА, Фармак АО (Украина, Киев), табл. п/плен. оболочкой 600 мг блистер, #10"
961672,"КОРДАГИН, Инфузия ЧАО (Украина, Киев), р-р д/инф. 42 мг/мл бутылка 100 мл, #1"
966196,"АСТРИЯ, Астрафарм ООО (Украина, Вишневое), табл. п/плен. оболочкой 5 мг блистер, тм Baum Pharm, #30"
969047,"ИБУПРОФЕН, INPHARMA Trading SIA  (Латвия), капс. мягкие 400 мг блистер, тм Илан Фарм, #10"
969048,"ИБУПРОФЕН, INPHARMA Trading SIA  (Латвия), капс. мягкие 400 мг блистер, тм Илан Фарм, #20"
969386,"ТИВАРГИН-H, Фармасел  (Украина, Макеевка), р-р д/инф. 42 мг/мл фл. 200 мл, в пачке, #1"
969387,"ТИВАРГИН-H, Фармасел  (Украина, Макеевка), р-р д/инф. 42 мг/мл фл. 100 мл, в коробке из гофр. карт., #10"
969388,"ТИВАРГИН-H, Фармасел  (Украина, Макеевка), р-р д/инф. 42 мг/мл фл. 200 мл, в коробке из гофр. карт., #10"
972128,"ЭКЗОЛИК, Красная звезда ОАО (Украина, Харьков), р-р накожный 1 % фл. 10 мл, тм Baum Pharm, #1"
972129,"ЭКЗОЛИК, Красная звезда ОАО (Украина, Харьков), р-р накожный 1 % фл. 20 мл, тм Baum Pharm, #1"
972873,"ГАБАНА®, Корпорация Артериум  (Украина, Киев), капс. 50 мг блистер в пачке, #20"
977079,"NOW FOODS L-АРГИНИН, NOW FOODS  (США), табл. 1000 мг, #120"
977080,"NOW FOODS L-АРГИНИН, NOW FOODS  (США), капс. 500 мг, #100"
977081,"NOW FOODS L-АРГИНИН, NOW FOODS  (США), капс. 700 мг, #180"
977651,"ЛОРИЗАН®, Корпорация Артериум  (Украина, Киев), табл. 10 мг блистер, тм Baum Pharm, #10"
981017,"ТОЙФЕН, Виола ФФ ЧАО (Украина, Запорожье), капс. мягкие 400 мг блистер, тм Baum Pharm, #20"
983099,"АЛКОПРАЙМ, BioMylz Pvt. Ltd.  (Индия), саше 4 г, тм Vitacore, #10"
984952,"ЭКЗОЛИК, Красная звезда ОАО (Украина, Харьков), крем 1 % туба 15 г, тм Baum Pharm, #1"
991324,"КИНЕЙРОН, Лекхим ЧАО (Украина, Киев), капс. тверд. 75 мг блистер, #56"
991327,"КИНЕЙРОН, Лекхим ЧАО (Украина, Киев), капс. тверд. 300 мг блистер, #56"
991328,"КИНЕЙРОН, Лекхим ЧАО (Украина, Киев), капс. тверд. 150 мг блистер, #56"
992242,"АПИРОЛ, Mistral Capital Management  (Великобритания), р-р д/инф. 400 мг/100 мл фл. 100 мл, #1"
993073,"ЛОРАТАДИН, Фармак АО (Украина, Киев), табл. 0,01 г блистер, тм Sator Pharma, #10"
1006124,"ИБУПРОФЕН, Sopharma (Болгария), табл. п/о 200 мг блистер в пачке, тм ANC PHARMA, #30"
1014022,"НО-ШПА® ДЛЯ ИНЪЕКЦИЙ, Opella Healthcare International  (Франция), р-р д/ин. 40 мг амп. 2 мл, #25"
1018365,"ДИКЛОФЕНАК, Лубныфарм АО (Украина, Лубны), гель 50 мг/г туба 100 г, в пачке, #1"
1029198,"ВОЛЬТАРЕН ФОРТЕ 24 ЧАСА, Халеон Украина ООО (Украина, Киев), пластырь лечебный 140 мг пакет, #2"
